length,A,T,C,G
1,0.56,0.28,0.16,0.0
2,0.625,0.16071428571428573,0.10714285714285714,0.10714285714285714
3,0.5964912280701754,0.15789473684210525,0.08771929824561403,0.15789473684210525
4,0.47058823529411764,0.20588235294117646,0.1323529411764706,0.19117647058823528
5,0.4888888888888889,0.26666666666666666,0.1,0.14444444444444443
6,0.43333333333333335,0.25,0.175,0.14166666666666666
7,0.4369747899159664,0.226890756302521,0.14285714285714285,0.19327731092436976
8,0.47794117647058826,0.23529411764705882,0.15441176470588236,0.1323529411764706
9,0.3684210526315789,0.27485380116959063,0.18128654970760233,0.17543859649122806
10,0.3,0.25833333333333336,0.19166666666666668,0.25
11,0.3806818181818182,0.30113636363636365,0.10795454545454546,0.21022727272727273
12,0.5166666666666667,0.19166666666666668,0.11666666666666667,0.175
13,0.5494505494505495,0.21978021978021978,0.14285714285714285,0.08791208791208792
14,0.3344155844155844,0.3246753246753247,0.18831168831168832,0.1525974025974026
15,0.37777777777777777,0.28888888888888886,0.16666666666666666,0.16666666666666666
16,0.390625,0.3802083333333333,0.09375,0.13541666666666666
17,0.3627450980392157,0.3104575163398693,0.12091503267973856,0.20588235294117646
18,0.3888888888888889,0.29444444444444445,0.11666666666666667,0.2
19,0.41228070175438597,0.2982456140350877,0.14473684210526316,0.14473684210526316
20,0.36578947368421055,0.31842105263157894,0.18421052631578946,0.13157894736842105
21,0.36853002070393376,0.30434782608695654,0.13043478260869565,0.19668737060041408
22,0.36363636363636365,0.2727272727272727,0.1875,0.17613636363636365
23,0.3675889328063241,0.30039525691699603,0.1541501976284585,0.17786561264822134
24,0.3484848484848485,0.2727272727272727,0.23106060606060605,0.14772727272727273
25,0.37142857142857144,0.29333333333333333,0.1980952380952381,0.13714285714285715
26,0.3727810650887574,0.32840236686390534,0.16272189349112426,0.13609467455621302
27,0.3888888888888889,0.29218106995884774,0.16255144032921812,0.15637860082304528
28,0.4090909090909091,0.30194805194805197,0.1590909090909091,0.12987012987012986
29,0.3724137931034483,0.35172413793103446,0.10344827586206896,0.1724137931034483
30,0.26666666666666666,0.4142857142857143,0.1619047619047619,0.15714285714285714
