length,A,T,C,G
1,0.559322033898305,0.16101694915254236,0.13559322033898305,0.1440677966101695
2,0.45517241379310347,0.1896551724137931,0.16206896551724137,0.19310344827586207
3,0.5178571428571429,0.16964285714285715,0.12797619047619047,0.18452380952380953
4,0.445,0.23,0.1525,0.1725
5,0.47608695652173916,0.2217391304347826,0.14782608695652175,0.15434782608695652
6,0.4542124542124542,0.23992673992673993,0.14102564102564102,0.16483516483516483
7,0.49034749034749037,0.222007722007722,0.12934362934362933,0.1583011583011583
8,0.4659090909090909,0.23106060606060605,0.16477272727272727,0.13825757575757575
9,0.4478114478114478,0.25925925925925924,0.15488215488215487,0.13804713804713806
10,0.44776119402985076,0.2462686567164179,0.16716417910447762,0.13880597014925372
11,0.39057239057239057,0.2946127946127946,0.16161616161616163,0.1531986531986532
12,0.37555555555555553,0.3211111111111111,0.14333333333333334,0.16
13,0.3994082840236686,0.27317554240631164,0.17850098619329388,0.14891518737672585
14,0.41025641025641024,0.26373626373626374,0.16117216117216118,0.16483516483516483
15,0.4117117117117117,0.281981981981982,0.13333333333333333,0.17297297297297298
16,0.4128787878787879,0.2708333333333333,0.14393939393939395,0.17234848484848486
17,0.39463886820551003,0.29858525688756515,0.1548771407297096,0.1518987341772152
18,0.3823953823953824,0.30014430014430016,0.1471861471861472,0.17027417027417027
19,0.4144736842105263,0.26973684210526316,0.15460526315789475,0.1611842105263158
20,0.342,0.3433333333333333,0.14533333333333334,0.16933333333333334
21,0.36281179138321995,0.32086167800453513,0.15873015873015872,0.15759637188208617
22,0.40203761755485895,0.2891849529780564,0.15752351097178682,0.15125391849529782
23,0.35885788449059053,0.3147306943543154,0.16677482154445167,0.15963659961064244
24,0.3689236111111111,0.2873263888888889,0.1753472222222222,0.1684027777777778
25,0.37642857142857145,0.31857142857142856,0.15285714285714286,0.15214285714285714
26,0.3669609079445145,0.3297604035308953,0.14880201765447668,0.1544766708701135
27,0.3684210526315789,0.3346328784925276,0.14035087719298245,0.15659519168291097
28,0.3757440476190476,0.32514880952380953,0.13616071428571427,0.16294642857142858
29,0.3573667711598746,0.32601880877742945,0.16614420062695925,0.15047021943573669
30,0.36041666666666666,0.3302083333333333,0.14635416666666667,0.16302083333333334
