length,A,T,C,G
1,0.5069637883008357,0.1671309192200557,0.1894150417827298,0.13649025069637882
2,0.5014792899408284,0.17011834319526628,0.15088757396449703,0.17751479289940827
3,0.46474358974358976,0.20512820512820512,0.18696581196581197,0.14316239316239315
4,0.4698581560283688,0.1950354609929078,0.15070921985815602,0.18439716312056736
5,0.45098039215686275,0.21803921568627452,0.1584313725490196,0.17254901960784313
6,0.44586374695863745,0.24635036496350365,0.1435523114355231,0.16423357664233576
7,0.4409448818897638,0.24915635545556805,0.14173228346456693,0.16816647919010125
8,0.42391304347826086,0.2619565217391304,0.15434782608695652,0.15978260869565217
9,0.40660919540229884,0.2796934865900383,0.14319923371647508,0.17049808429118773
10,0.412962962962963,0.2569444444444444,0.15833333333333333,0.17175925925925925
11,0.41083916083916083,0.26573426573426573,0.13767482517482518,0.18575174825174826
12,0.40901771336553944,0.2938808373590982,0.13848631239935588,0.15861513687600645
13,0.3901098901098901,0.2802197802197802,0.15934065934065933,0.17032967032967034
14,0.38118466898954706,0.289198606271777,0.15191637630662022,0.17770034843205576
15,0.38694158075601376,0.2920962199312715,0.1429553264604811,0.17800687285223368
16,0.3941582914572864,0.2817211055276382,0.15923366834170855,0.16488693467336685
17,0.37318563789152026,0.3097784568372804,0.15278838808250572,0.16424751718869365
18,0.37452107279693486,0.2876756066411239,0.16251596424010217,0.1752873563218391
19,0.38958810068649885,0.300629290617849,0.1444508009153318,0.16533180778032036
20,0.3869565217391304,0.2940217391304348,0.16195652173913044,0.15706521739130436
21,0.38562091503267976,0.29660753190164957,0.1549953314659197,0.16277622159975103
22,0.37475822050290136,0.3024661508704062,0.1450676982591876,0.17770793036750485
23,0.3652173913043478,0.2966183574879227,0.1644927536231884,0.17367149758454106
24,0.34812623274161736,0.3180473372781065,0.16444773175542407,0.16937869822485208
25,0.3616374269005848,0.31181286549707604,0.16818713450292397,0.1583625730994152
26,0.3734065934065934,0.30241758241758243,0.15494505494505495,0.16923076923076924
27,0.37650233014471424,0.32891832229580575,0.15035565366691195,0.14422369389256806
28,0.3680758017492711,0.3163265306122449,0.15962099125364432,0.15597667638483964
29,0.36450179818066425,0.30399830759466895,0.15950920245398773,0.17199069177067908
30,0.37069351230425057,0.3143176733780761,0.15302013422818792,0.16196868008948545
