length,A,T,C,G
1,0.5348258706467661,0.17412935323383086,0.13930348258706468,0.1517412935323383
2,0.5164319248826291,0.1795774647887324,0.14553990610328638,0.15845070422535212
3,0.4342105263157895,0.1912280701754386,0.16666666666666666,0.20789473684210527
4,0.46781437125748504,0.1968562874251497,0.15194610778443113,0.18338323353293412
5,0.4482315112540193,0.245016077170418,0.14276527331189712,0.1639871382636656
6,0.4448315911730546,0.2537746806039489,0.14227642276422764,0.15911730545876887
7,0.44131704726500265,0.2464152947424323,0.14657461497610197,0.1656930430164631
8,0.42830188679245285,0.23679245283018868,0.15377358490566037,0.1811320754716981
9,0.4045584045584046,0.2576312576312576,0.15832315832315833,0.1794871794871795
10,0.40793650793650793,0.27420634920634923,0.14563492063492064,0.17222222222222222
11,0.3866613735609369,0.2691544263596665,0.15442635966653434,0.18975784041286226
12,0.3989795918367347,0.26972789115646256,0.1564625850340136,0.17482993197278912
13,0.41090555014605645,0.2739370334307043,0.14248620577734503,0.1726712106458942
14,0.3813186813186813,0.2771978021978022,0.16703296703296702,0.17445054945054944
15,0.38579710144927537,0.28492753623188405,0.15710144927536232,0.17217391304347826
16,0.3801136363636364,0.2940340909090909,0.15710227272727273,0.16875
17,0.37710519892604344,0.296802538442763,0.1567000244081035,0.16939223822309007
18,0.391025641025641,0.2901709401709402,0.14935897435897436,0.16944444444444445
19,0.3861412324781804,0.2927796879132505,0.14969584765934937,0.17138323194921978
20,0.3605263157894737,0.31275303643724695,0.15809716599190282,0.1686234817813765
21,0.3834988540870894,0.30455818691112807,0.14413037942449708,0.16781257957728546
22,0.3752066115702479,0.29483471074380163,0.15495867768595042,0.175
23,0.38256898947786383,0.2874727020051618,0.15247170935080406,0.17748659916617035
24,0.36242138364779874,0.3089622641509434,0.16253930817610063,0.16607704402515724
25,0.3805769230769231,0.3032692307692308,0.15519230769230768,0.16096153846153846
26,0.36775293671845394,0.31659719590754076,0.1449412656309208,0.1707086017430845
27,0.3694581280788177,0.30286444079547525,0.15745301952198504,0.17022441160372195
28,0.3505291005291005,0.31299603174603174,0.15790343915343916,0.17857142857142858
29,0.3565744600227359,0.30674497915877225,0.16445623342175067,0.17222432739674118
30,0.34483925549915395,0.3333333333333333,0.15769881556683588,0.16412859560067683
