length,A,T,C,G
1,0.5652173913043478,0.17391304347826086,0.12560386473429952,0.13526570048309178
2,0.48214285714285715,0.1760204081632653,0.14030612244897958,0.20153061224489796
3,0.4897959183673469,0.17913832199546487,0.16099773242630386,0.17006802721088435
4,0.4470198675496689,0.23344370860927152,0.16225165562913907,0.15728476821192053
5,0.42644628099173554,0.23471074380165288,0.1652892561983471,0.17355371900826447
6,0.4375,0.2534722222222222,0.13425925925925927,0.17476851851851852
7,0.465954606141522,0.2349799732977303,0.14686248331108145,0.15220293724966621
8,0.42010309278350516,0.25,0.17268041237113402,0.15721649484536082
9,0.4284369114877589,0.2655367231638418,0.15630885122410546,0.1497175141242938
10,0.4194690265486726,0.28584070796460176,0.12743362831858407,0.1672566371681416
11,0.39361702127659576,0.2862669245647969,0.14990328820116053,0.1702127659574468
12,0.40408805031446543,0.2720125786163522,0.1470125786163522,0.17688679245283018
13,0.3826429980276134,0.28994082840236685,0.14990138067061143,0.17751479289940827
14,0.37885714285714284,0.2874285714285714,0.17714285714285713,0.15657142857142858
15,0.4383838383838384,0.2727272727272727,0.1367003367003367,0.15218855218855218
16,0.3670212765957447,0.3178191489361702,0.15757978723404256,0.15757978723404256
17,0.39525283797729616,0.2837977296181631,0.16666666666666666,0.15428276573787408
18,0.3696969696969697,0.2924242424242424,0.16464646464646465,0.17323232323232324
19,0.3851451057550418,0.294146581406788,0.15838662075750123,0.16232169208066896
20,0.35876288659793815,0.31237113402061856,0.15360824742268042,0.17525773195876287
21,0.3974937343358396,0.3072681704260652,0.14837092731829574,0.1468671679197995
22,0.3991341991341991,0.29134199134199135,0.15281385281385282,0.15670995670995672
23,0.37182971014492755,0.31023550724637683,0.13949275362318841,0.17844202898550723
24,0.3611111111111111,0.28685897435897434,0.1778846153846154,0.17414529914529914
25,0.382803738317757,0.2960747663551402,0.165607476635514,0.1555140186915888
26,0.36937590711175616,0.32075471698113206,0.13679245283018868,0.17307692307692307
27,0.3763888888888889,0.29814814814814816,0.16064814814814815,0.1648148148148148
28,0.35944700460829493,0.30952380952380953,0.15629800307219663,0.17473118279569894
29,0.36028537455410226,0.3091557669441142,0.1668648434403488,0.1636940150614348
30,0.3382978723404255,0.33368794326241136,0.14432624113475176,0.18368794326241134
