length,A,T,C,G
1,0.5031055900621118,0.16149068322981366,0.19875776397515527,0.13664596273291926
2,0.4831730769230769,0.20673076923076922,0.14423076923076922,0.1658653846153846
3,0.4358974358974359,0.20726495726495728,0.18376068376068377,0.17307692307692307
4,0.48007246376811596,0.1956521739130435,0.12318840579710146,0.20108695652173914
5,0.48120300751879697,0.22556390977443608,0.13233082706766916,0.16090225563909774
6,0.4448441247002398,0.26258992805755393,0.12589928057553956,0.16666666666666666
7,0.4400921658986175,0.25460829493087556,0.14631336405529954,0.15898617511520738
8,0.4076086956521739,0.25869565217391305,0.15543478260869564,0.1782608695652174
9,0.3654729109274564,0.31129476584022037,0.16345270890725436,0.15977961432506887
10,0.3979381443298969,0.2618556701030928,0.15876288659793814,0.18144329896907216
11,0.4136874361593463,0.2635342185903984,0.14198161389172625,0.1807967313585291
12,0.4260057471264368,0.26221264367816094,0.14295977011494254,0.16882183908045978
13,0.40271493212669685,0.29321266968325793,0.14570135746606336,0.1583710407239819
14,0.3806818181818182,0.30438311688311687,0.1452922077922078,0.16964285714285715
15,0.4045307443365696,0.283495145631068,0.14822006472491908,0.16375404530744336
16,0.413125,0.256875,0.15375,0.17625
17,0.38795518207282914,0.30532212885154064,0.1400560224089636,0.16666666666666666
18,0.38011695906432746,0.2719298245614035,0.17178362573099415,0.17616959064327486
19,0.3890608875128999,0.27657378740970073,0.1563467492260062,0.1780185758513932
20,0.36607142857142855,0.32321428571428573,0.1630952380952381,0.14761904761904762
21,0.39649122807017545,0.2832080200501253,0.14636591478696742,0.17393483709273183
22,0.3655913978494624,0.301564027370479,0.14076246334310852,0.19208211143695014
23,0.3569039655996178,0.3005255613951266,0.16531294792164358,0.17725752508361203
24,0.34782608695652173,0.31280193236714976,0.1708937198067633,0.16847826086956522
25,0.3559493670886076,0.3240506329113924,0.17012658227848101,0.149873417721519
26,0.36992221261884184,0.3076923076923077,0.162057044079516,0.1603284356093345
27,0.37464387464387466,0.3309591642924976,0.14482431149097816,0.14957264957264957
28,0.3694029850746269,0.31183368869936035,0.16417910447761194,0.15458422174840086
29,0.35022850020772744,0.31200664727877025,0.16493560448691316,0.1728292480265891
30,0.37333333333333335,0.31555555555555553,0.1511111111111111,0.16
